article_id,url,title,short_description,author,category,tags,published_at,content
6f8e27dc2798a4323d8c95a5eb603ca27930c73f,https://tuoitre.vn/tin-tuc-sang-4-12-quoc-cuong-gia-lai-sap-phat-hanh-co-phieu-tra-co-tuc-tu-nam-2021-20251203193532175.htm,Tin tức sáng 4-12: Quốc Cường Gia Lai sắp phát hành cổ phiếu trả cổ tức từ năm 2021,,"BÌNH KHÁNH
và 2 tác giả khác",thoi-su,[],04/12/2025 06:00 GMT+7,"Quốc hội thảo luận các báo cáo công tác của Chủ tịch nước, Chính phủ, Quốc hội
Theo tin tức từ chương trình kỳ họp, hôm nay (4-12), Quốc hội thảo luận ở hội trường về các báo cáo công tác nhiệm kỳ 2021-2026 của Chủ tịch nước, Chính phủ.
Cùng với đó là dự thảo báo cáo công tác nhiệm kỳ khóa XV của Quốc hội; các báo cáo công tác nhiệm kỳ khóa XV của
Ủy ban Thường vụ Quốc hội
, Hội đồng Dân tộc, các Ủy ban của Quốc hội, Kiểm toán Nhà nước.
Các báo cáo công tác nhiệm kỳ 2021-2026 của
Tòa án nhân dân tối cao
, Viện kiểm sát nhân dân tối cao. Nội dung này được tiếp tục thảo luận đến 15h30 cùng ngày. Nội dung thảo luận trên được truyền hình, phát thanh trực tiếp để cử tri, nhân dân theo dõi.
Thời gian còn lại của buổi chiều, Quốc hội sẽ nghe Chánh án Tòa án nhân dân tối cao trình bày tờ trình dự án Luật Tòa án chuyên biệt tại Trung tâm tài chính quốc tế. Tiếp đó, nghe Chủ nhiệm Ủy ban Pháp luật và Tư pháp của Quốc hội trình bày báo cáo thẩm tra dự Luật Tòa án chuyên biệt tại Trung tâm tài chính quốc tế.
Quốc hội sẽ thảo luận ở tổ về dự Luật Tòa án chuyên biệt tại Trung tâm tài chính quốc tế.
Theo chương trình phiên họp thứ 52, hôm nay Ủy ban Thường vụ Quốc hội sẽ cho ý kiến vào nhiều nội dung quan trọng. Trong đó, cho ý kiến về việc giải trình, tiếp thu, chỉnh lý dự thảo Luật Báo chí (sửa đổi).
Cho ý kiến về việc giải trình, tiếp thu, chỉnh lý đối với nhóm 5 dự Luật sửa đổi, bổ sung một số điều của Luật Giáo dục; Luật Giáo dục đại học (sửa đổi); Luật Giáo dục nghề nghiệp (sửa đổi).
Dự thảo nghị quyết của Quốc hội quy định cơ chế đặc thù về một số chủ trương, chính sách trong nghị quyết 71 của Bộ Chính trị về đột phá phát triển giáo dục và đào tạo; nghị quyết về chủ trương đầu tư chương trình mục tiêu quốc gia hiện đại hóa, nâng cao chất lượng giáo dục và đào tạo giai đoạn 2026-2035.
Tiếp đó, cho ý kiến về việc giải trình, tiếp thu, chỉnh lý dự thảo Luật Trí tuệ nhân tạo.
Ủy ban Thường vụ Quốc hội cũng cho ý kiến về dự Luật sửa đổi, bổ sung một số điều của Luật Thuế giá trị gia tăng, dự thảo nghị quyết của Quốc hội về những cơ chế, chính sách đặc thù để triển khai các dự án lớn tại địa bàn thủ đô.
Hà Nội trả 100% bảo hiểm y tế cho hàng loạt nhóm người từ 2026
Tin tức từ
Bảo hiểm xã hội
Việt Nam, UBND TP Hà Nội vừa ban hành kế hoạch triển khai chính sách hỗ trợ mức đóng bảo hiểm xã hội tự nguyện, bảo hiểm y tế cho các nhóm khó khăn ở thủ đô.
Trong đó có hộ nghèo, cận nghèo, đã thoát nghèo hoặc thoát cận nghèo theo chuẩn đa chiều. Ngoài ra còn có người từ 70-75 tuổi chưa thuộc diện tham gia bảo hiểm y tế bắt buộc, người khuyết tật nhẹ, đồng bào dân tộc thiểu số chưa có thẻ bảo hiểm y tế.
Học sinh, sinh viên hoàn cảnh khó khăn và các hộ làm nông, lâm, ngư nghiệp có mức sống trung bình theo chuẩn thành phố cũng thuộc nhóm hưởng chính sách.
Hà Nội còn có chính sách hỗ trợ đóng bảo hiểm xã hội tự nguyện với tỉ lệ cao hơn. Cụ thể, hộ nghèo nhận thêm 50%, hộ cận nghèo thêm 60% và các nhóm khác thêm 10% mức đóng.
Đáng chú ý, từ năm 2026, Hà Nội sẽ hỗ trợ 100% mức đóng bảo hiểm y tế cho hộ nghèo, cận nghèo, đã được công nhận thoát nghèo, thoát cận nghèo, trong 36 tháng kể từ thời điểm được công nhận.
Thành phố cũng chi trả toàn bộ bảo hiểm y tế cho người từ 70-75 tuổi, người khuyết tật nhẹ và đồng bào dân tộc thiểu số chưa có thẻ bảo hiểm y tế. Nhóm hộ nông, lâm, ngư nghiệp có mức sống trung bình được hỗ trợ thêm 30% mức đóng bảo hiểm y tế.
Lãi suất liên ngân hàng qua đêm tiếp tục tăng, lên 7,5%
Theo tin tức từ Hội Nghiên cứu thị trường liên ngân hàng Việt Nam (VBA), thị trường tiền tệ liên ngân hàng ngày 2-12 ghi nhận diễn biến trái chiều giữa các kỳ hạn.
Lãi suất VND trên liên ngân hàng tiếp tục tăng 0,2 - 0,5 điểm phần trăm ở các kỳ hạn ngắn, trong khi kỳ hạn 1 tháng giảm nhẹ 0,05 điểm phần trăm so với đầu tuần.
Mức lãi suất phổ biến ghi nhận: qua đêm (ON) 7,5%, 1 tuần 7,50%, 2 tuần 6,3% và 1 tháng 6,9%.
Báo cáo cũng cho thấy nghiệp vụ thị trường mở cũng sôi động trong ngày 2-12. Ngân hàng Nhà nước chào thầu tổng cộng 35.000 tỉ đồng trên kênh cầm cố với bốn kỳ hạn (7, 14, 28 và 91 ngày), cùng mức lãi suất 4%.
Kết quả, thị trường hấp thụ hơn 5.721 tỉ đồng ở kỳ hạn 7 ngày, 9.433 tỉ đồng ở kỳ hạn 14 ngày và gần 12.992 tỉ đồng ở kỳ hạn 91 ngày; riêng kỳ hạn 28 ngày không phát sinh khối lượng trúng thầu. Trong ngày có 11.494 tỉ đồng đáo hạn và không có tín phiếu được chào thầu.
Bất ngờ một giao dịch thỏa thuận khủng cổ phiếu Vinpearl
Trong phiên giao dịch chiều 3-12, thị trường chứng khoán ghi nhận thương vụ thỏa thuận khủng với giá trị hơn 3.200 tỉ đồng cổ phiếu VPL của Vinpearl. Cụ thể ghi nhận trong vòng một phút, hai lệnh liên tiếp xuất hiện với tổng cộng hơn 33,3 triệu cổ phiếu được sang tay ở mức giá 98.000 đồng/cổ phiếu.
Diễn biến về giá của VPL cũng gây chú ý. Mở cửa với mức tăng hơn 2%, cổ phiếu nhanh chóng leo lên 106.000 đồng/cổ phiếu và giữ vững sắc xanh đến hết phiên sáng.
Tuy nhiên, lực bán bất ngờ gia tăng mạnh vào buổi chiều khiến VPL đảo chiều, rơi sâu và đóng cửa ở mức 100.000 đồng/cổ phiếu, tương ứng giảm 3,66% so với mốc tham chiếu.
Quốc Cường Gia Lai
sắp phát hành cổ phiếu trả cổ tức từ năm 2021
Công ty cổ phần Quốc Cường Gia Lai (QCG) vừa công bố nghị quyết của hội đồng quản trị về việc triển khai phương án phát hành cổ phiếu để trả cổ tức năm 2021.
Theo nghị quyết, doanh nghiệp dự kiến phát hành hơn 27,5 triệu cổ phiếu QCG để trả cổ tức cho cổ đông với tỉ lệ 10:1, tức mỗi 10 cổ phiếu đang sở hữu sẽ được nhận thêm 1 cổ phiếu mới.
Tổng giá trị phát hành theo mệnh giá đạt hơn 275,1 tỉ đồng, được trích từ lợi nhuận sau thuế chưa phân phối tính đến ngày 31-12-2024 theo báo cáo tài chính hợp nhất đã kiểm toán.
Quốc Cường Gia Lai dự kiến hoàn tất thủ tục và thực hiện phát hành trong quý 1-2026, ngay sau khi nhận được xác nhận đầy đủ hồ sơ từ Ủy ban Chứng khoán Nhà nước.
Trước đó tại đại hội năm 2022, cổ đông đã thông qua việc trả cổ tức 2021 nhưng QCG phải dời sang quý 3-2025 vì thị trường bất động sản khó khăn.
Đọc tiếp
Về trang Chủ đề"
48e3868297f6bdc7ebaafa430b35d73e802bc527,https://tuoitre.vn/lich-nghi-tet-duong-lich-2026-cua-nguoi-lao-dong-2025120321100325.htm,Lịch nghỉ Tết dương lịch 2026 của người lao động,,HÀ QUÂN,thoi-su,[],04/12/2025 07:32 GMT+7,"Theo Bộ luật Lao động 2019, người lao động được nghỉ
Tết dương lịch
2026 trong một ngày, tức ngày 1-1-2026.
Dự kiến ngày 1-1-2026 rơi vào thứ năm nên cán bộ, công chức, người lao động được nghỉ 1 ngày nguyên lương.
11 ngày nghỉ lễ Tết chính thức
Trong năm 2026, người lao động được nghỉ tổng cộng 11 ngày lễ, Tết chính thức hưởng nguyên lương bao gồm Tết dương lịch (1 ngày), Tết âm lịch (5 ngày), giỗ Tổ Hùng Vương mùng 10 tháng 3 âm lịch (1 ngày), Ngày Chiến thắng 30-4 (1 ngày), Quốc tế lao động 1-5 (1 ngày) và Quốc khánh 2-9 (2 ngày).
Người nước ngoài làm việc tại Việt Nam được nghỉ thêm 1 ngày Tết cổ truyền và Quốc khánh của nước đó.
Giỗ Tổ Hùng Vương mùng 10 tháng 3 âm lịch rơi vào chủ nhật 26-4-2026.
Tuy nhiên, lịch nghỉ phụ thuộc thực tế, đơn vị sử dụng lao động sẽ có kế hoạch riêng.
Đối với người lao động làm việc ngày thứ bảy, lịch nghỉ giỗ Tổ Hùng Vương 2026 là 2 ngày (từ chủ nhật ngày 26-4 đến hết thứ hai ngày 27-4), trong đó có 1 ngày nghỉ lễ bù và 1 ngày nghỉ cuối tuần.
Đối với người lao động không làm việc ngày thứ bảy, lịch nghỉ giỗ Tổ Hùng Vương 2026 có thể kéo dài 3 ngày (từ thứ bảy ngày 25-4 đến hết thứ hai ngày 27-4-2026) trong đó bao gồm 1 ngày nghỉ lễ bù và 2 ngày nghỉ cuối tuần.
Trường hợp được hưởng 400% tiền lương
Trao đổi với
Tuổi Trẻ Online
, luật sư Trần Ngọc Thích - điều hành Công ty Luật Thích và Các cộng sự (TP.HCM) - cho hay theo Bộ luật Lao động 2019 và nghị định 145/2020/NĐ-CP của Chính phủ, người lao động sẽ hưởng thêm
tiền lương
nếu đi làm vào ngày nghỉ lễ, Tết.
Với người lao động hưởng lương tháng, nếu đi làm ngày Tết họ sẽ được hưởng tiền lương làm thêm giờ ít nhất 300% (trong đó 100% là
thu nhập
chịu thuế, 200% thu nhập không chịu thuế).
Còn người lao động hưởng lương ngày, nếu đi làm ngày Tết họ sẽ hưởng tiền lương làm thêm giờ ít nhất 300% (trong đó 100% là thu nhập chịu thuế, 200% thu nhập không chịu thuế). Ngoài ra họ còn được trả thêm 100% tiền lương của ngày Tết đó. Tổng cộng là 400%.
Ví dụ, chị Lê Thị A (hưởng lương tháng) có lương 50.000 đồng/giờ và bình thường làm 8 tiếng/ngày thì tiền lương khi làm vào ngày nghỉ Tết là 50.000 đồng x 300% x 8 giờ = 1,2 triệu đồng.
Nếu chị Lê Thị A làm thêm giờ vào ban đêm ngày Tết thì ngoài 300% tiền lương được hưởng, chị Lê Thị A còn được trả thêm ít nhất bằng 30% tiền lương theo công việc của ngày làm việc bình thường và 20% tiền lương giờ vào ban ngày của ngày nghỉ lễ, Tết.
Trong đó, tiền lương giờ vào ban ngày của ngày nghỉ lễ được tính ít nhất bằng 300% so với tiền lương giờ thực trả của công việc đang làm vào ngày làm việc bình thường.
Như vậy, tiền lương làm thêm giờ vào ban đêm 8 giờ dịp Tết Nguyên đán của chị A sẽ là (50.000 đồng x 300% 50.000 đồng x 30% 20% x 150.000 đồng) x 8 giờ = 1,56 triệu đồng.
Công thức ngắn gọn: (50.000 đồng x 390%) x 8 giờ = 1,56 triệu đồng. Giờ làm việc ban đêm được tính từ 22h ngày hôm trước đến 6h sáng ngày hôm sau.
Đọc tiếp
Về trang Chủ đề"
04c60f2c0310302feff8168be5ee26aa7d7ac988,https://tuoitre.vn/sang-nay-tp-hcm-mua-lanh-gio-mua-phia-bac-va-trung-tam-se-mua-to-20251204072430144.htm,"Sáng nay TP.HCM mưa lạnh gió mùa, phía bắc và trung tâm sẽ mưa to",,LÊ PHAN,thoi-su,[],04/12/2025 07:27 GMT+7,"Đài khí tượng thủy văn Nam Bộ cho biết do thời tiết TP.HCM đang chịu ảnh hưởng của gió đông bắc đẩy các khối mây ẩm về, dự báo sáng nay 4-12 có mưa to.
Sáng nay, theo dõi trên ảnh mây vệ tinh, ảnh ra đa thời tiết và định vị sét cho thấy vùng mây dông đang phát triển và gây mưa kèm dông, sét trên toàn bộ khu phố, tổ, ấp, thôn... thuộc các phường/xã: phường Vũng Tàu, Tam Thắng, Rạch Dừa, Phước Hải, Phước Thắng, Long Hải, Long Điền, Long Sơn, Long Hương, Bà Rịa, Đất Đỏ, Hồ Tràm, Xuyên Mộc, Tam Long, Thạnh An, Tân Phước, Tân Hải, Bình Trung, Bình Châu, Châu Pha, Nghĩa Thành, Xuân Sơn, Hòa Hội, Bình Tiến, Ngãi Giao, Phú Mỹ, Bình Giã, Bình Thắng, Hòa Hiệp, Ấp 3, Phú Lâm, Kim Long, Bàu Lâm, Châu Đức.
Tân Đông Hiệp, Đông Hòa, Củ Chi, Tân An Hội, Phú Hòa Đông, Nhuận Đức, Thường Tân, Tân Uyên, Bắc Tân Uyên, Bình Cơ, Phước Hòa, Phú Giáo, Phước Vĩnh, Phước Thành, Bến Cát, Minh Thạnh và vùng biển TP.HCM.
Vùng mây di chuyển theo hướng đông đi sang tây hướng từ biển vào.
Trong sáng nay, mây dông tiếp tục phát triển, gây mưa rào kèm theo dông, sét cho toàn bộ các khu vực khu phố, tổ, ấp, thôn thuộc các phường/xã trên. Sau đó mưa dông có xu hướng mở rộng ra.
Lượng mưa phổ biến từ 15-45mm, có nơi trên 50mm. Trong cơn dông đề phòng lốc, sét, mưa đá, gió giật mạnh cấp 5-8 (8-21m/s) làm gãy đổ cây, hư hại nhà cửa, các công trình giao thông và cơ sở hạ tầng, gây nguy hiểm cho tính mạng con người,
mưa lớn
gây ngập úng cục bộ nơi trũng thấp.
Đọc tiếp
Về trang Chủ đề"
bdacd625b0fc9b5d0733757b15413ed3ca15355e,https://tuoitre.vn/xac-minh-clip-2-phu-nu-di-keu-goi-ung-ho-nhung-che-30-000-dong-cua-nhan-vien-quan-nuoc-20251204071322067.htm,"Xác minh clip 2 phụ nữ đi kêu gọi ủng hộ, nhưng 'chê' 30.000 đồng của nhân viên quán nước",,HỒNG QUANG,thoi-su,[],04/12/2025 07:37 GMT+7,"Ngày 4-12, một lãnh đạo UBND phường Cửa Nam (Hà Nội) cho biết chính quyền nắm được clip ""chê tiền ủng hộ đồng bào bị lũ lụt"" lan truyền trên mạng xã hội.
Vị này cho hay các cơ quan liên quan đã vào cuộc xác minh.
Trước đó, mạng xã hội chia sẻ đoạn video ghi lại hình ảnh 2 phụ nữ lớn tuổi tới quán đồ uống trên phố Ngô Quyền kêu gọi ủng hộ đồng bào bị lũ lụt.
Một cô gái lên tiếng cho rằng họ đã ủng hộ qua Mặt trận Tổ quốc. Tuy nhiên, người phụ nữ không đồng ý và nhấn mạnh: ""Tất cả cửa hàng trên địa bàn của chúng cô là cô sẽ đi thu"", và ""tất cả người bán hàng ở phố này đều ủng hộ hết"".
Mặc dù nữ nhân viên cố gắng giải thích đã ủng hộ bằng hình thức khác nhưng người phụ nữ vẫn kiên quyết ""các cháu cần ủng hộ tiền trên địa bàn tổ dân phố"".
Trước đề nghị của 2 phụ nữ, nhân viên tới quầy lấy tiền và xin ủng hộ 30.000 đồng do quán không còn tiền lẻ và bán hàng khó khăn. Nghe đến số tiền, một phụ nữ lớn tiếng: ""30.000 thì khỏi, ai nhận 30.000"".
Sau vài phút, 2 người phụ nữ đứng dậy bỏ đi và cho biết ""gọi công an ra"".
Đoạn video được chia sẻ nhận được nhiều tranh luận trên mạng xã hội. Nhiều ý kiến cho rằng việc ủng hộ đồng bào bị ảnh hưởng bởi thiên tai là nhân văn, nhưng mức ủng hộ không nên bị ép buộc.
Đọc tiếp
Về trang Chủ đề"
fb00bd1d84fe4373ba70df604a50e01ae03101d8,https://tuoitre.vn/tam-dong-deo-gia-bac-do-sat-lo-nang-nhieu-xe-mac-ket-20251204071425513.htm,"Tạm đóng đèo Gia Bắc do sạt lở nặng, nhiều xe mắc kẹt",,ĐỨC TRONG,thoi-su,[],04/12/2025 07:26 GMT+7,"Trao đổi nhanh với
Tuổi Trẻ Online
sáng 4-12, ông Vũ Đức Nhuần - Chủ tịch UBND xã Sơn Điền, tỉnh
Lâm Đồng
- cho biết đã đóng đèo Gia Bắc thuộc quốc lộ 28 do có nhiều đoạn sạt lở nặng.
Theo ông Nhuần, khu vực đèo Gia Bắc có mưa lớn kéo dài từ chiều 3-12 đến sáng nay vẫn chưa dứt. Mưa lớn khiến đường đèo, đặc biệt từ km43 đến km50, xuất hiện nhiều điểm sạt lở, có đoạn sạt chiếm hết mặt đường quốc lộ 28.
Chủ tịch xã Sơn Điền cho biết thêm, khi phát hiện có sạt lở, từ chiều 3-12 địa phương cử một đoàn công tác đến kiểm tra tình hình trên đèo Gia Bắc.
""Trong đoàn có một đồng chí phó
trưởng công an xã
đi kiểm tra sạt lở tại km50 rồi kẹt lại tới giờ vẫn chưa liên lạc lại được. Vùng sạt lở không có sóng điện thoại, nhà dân cũng không có"", ông Nhuần lo lắng.
Cũng theo ông, ngoài đoàn công tác của xã còn có nhiều ô tô người dân đi đường đã mắc kẹt lại.
Vị chủ tịch xã cho biết thêm, những điểm sạt lở mới thuộc khu vực nguy cơ sạt lở cao mà xã đã cảnh báo. Ngay khi có sạt lở, xã đã phối hợp với các lực lượng chức năng cấm xe qua đèo Gia Bắc.
Đọc tiếp
Về trang Chủ đề"
66d30cf998bfce2f4a1ffa612c946556888a27ae,https://tuoitre.vn/dai-bieu-quoc-hoi-tp-hcm-can-co-che-chinh-sach-chua-tung-co-de-but-pha-20251203184650995.htm,"Đại biểu Quốc hội: TP.HCM cần cơ chế, chính sách chưa từng có để bứt phá",,"TIẾN LONG
và 2 tác giả khác",thoi-su,[],03/12/2025 19:30 GMT+7,"Chiều 3-12, các đại biểu Quốc hội thảo luận tại tổ dự án Nghị quyết của Quốc hội sửa đổi, bổ sung một số điều
Nghị quyết 98
về thí điểm một số cơ chế, chính sách đặc thù phát triển TP.HCM.
Ủng hộ các cơ chế, chính sách mới, đột phá cho TP.HCM
Đại biểu Đào Chí Nghĩa (Cần Thơ) cho rằng TP.HCM đã chủ động trong đề xuất tháo gỡ khó khăn vướng mắc. Đặc biệt là đề xuất để lại 100% tiền sử dụng đất triển khai dự án đầu tư TOD, tái đầu tư cho hạ tầng là phù hợp giúp tạo cơ chế để tự TP tái cấp vốn và tạo sự bứt phá.
Tuy nhiên, theo ông Nghĩa, quỹ phát triển hạ tầng TP.HCM cần có cơ chế thuận lợi hơn. Trong đó xem xét mở rộng phạm vi áp dụng cơ chế để lại 100% nguồn thu từ đất đai, cơ cấu tài sản công để phục vụ cho dự án hạ tầng, chống ngập, nhằm giảm phụ thuộc của địa phương với trung ương, tự chủ trong nguồn lực này.
Cần mạnh dạn giao cho TP thử nghiệm mô hình kinh doanh chưa có tiền lệ như thí điểm tài chính số ở
khu thương mại tự do
, các chính sách khác về tài chính để giúp cho TP là đầu tàu trong lĩnh vực, là trung tâm tài chính.
Đại biểu Nguyễn Thị Yến (TP.HCM) nhìn nhận TP.HCM sau hợp nhất sẽ trở thành siêu đô thị với nhu cầu vốn rất lớn. Bà đề nghị ưu tiên các cơ chế rút gọn về thủ tục đầu tư cho cả TP.HCM và Đà Nẵng để rút ngắn thời gian mà ""không vi phạm pháp luật"".
Đối với Côn Đảo, bà Yến thống nhất chủ trương thu hút nhà đầu tư chiến lược nhằm bảo vệ quy hoạch chung, đồng thời kiến nghị cơ chế thuận lợi hơn cho di dời dân để trùng tu di tích, mở rộng sân bay, xây dựng hạ tầng.
Đại biểu Nguyễn Tâm Hùng nhấn mạnh việc sửa đổi bổ sung lần này có ý nghĩa đặc biệt quan trọng nhằm hoàn thiện khuôn khổ thể chế vượt trội cho TP.HCM.
""Những đề xuất mới không chỉ là điều chỉnh kỹ thuật mà là ""bước tái cấu trúc thể chế quan trọng của TP.HCM trong không gian phát triển hoàn toàn mới với vai trò, quy mô và trách nhiệm lớn hơn sau sáp nhập"", ông Hùng nói.
Bổ sung thêm 11 lĩnh vực thu hút nhà đầu tư chiến lược là cần thiết
Đại biểu Trần Hoàng Ngân cho rằng sau khi Quốc hội thông qua Nghị quyết 98, TP.HCM đã có thêm công cụ, có thêm động lực, có thêm thể chế để khắc phục hậu quả đại dịch, phục hồi và phát triển kinh tế.
Tuy vậy, sau hợp nhất, thành phố quy mô 14 triệu dân, gần 20 triệu dân kể cả khách vãng lai, GDP vượt 120 tỉ USD, nằm trong nhóm
siêu đô thị toàn cầu
, nên “vẫn còn những điểm nghẽn” cần cơ chế mạnh hơn.
Ông Ngân nhấn mạnh Nghị quyết 98 hiện chỉ đề cập ba nhà đầu tư chiến lược, trong khi TP.HCM mới cần thu hút trên nhiều lĩnh vực như y tế chuyên sâu, văn hóa, thể thao, thương mại, môi trường, xử lý rác thải.
Vì vậy cần bổ sung thêm 11 lĩnh vực và nếu trong trường hợp cần thiết khi cần bổ sung nhà đầu tư chiến lược, HĐND TP.HCM quyết định, tránh phải xin ý kiến lại từ Quốc hội gây chậm trễ.
Ông phân tích nhu cầu vốn đầu tư của TP.HCM rất lớn, để tăng trưởng 10-11% giai đoạn 2026 - 2030, thành phố phải huy động 40 - 50 tỉ USD mỗi năm.
Trong khi theo dự toán 2026, TP.HCM chỉ còn lại khoảng 227.000 tỉ đồng và thêm bội chi 16.000 tỉ, tổng cộng 243.000 tỉ đồng, nhưng chi đầu tư phát triển chỉ khoảng 144.000 tỉ, “quá nhỏ so với nhu cầu”. Do đó, thành phố “không xin thêm tỉ lệ điều tiết” mà “xin cơ chế, thể chế để huy động nguồn lực”.
Đọc tiếp
Về trang Chủ đề"
dcd1fb41966e28507be9cf7379bc9fdf062ebb32,https://tuoitre.vn/tp-hcm-uu-tien-lam-duong-sat-noi-hai-san-bay-tan-son-nhat-long-thanh-20251203192352319.htm,TP.HCM ưu tiên làm đường sắt nối hai sân bay Tân Sơn Nhất - Long Thành,,CHÂU TUẤN,thoi-su,[],03/12/2025 19:38 GMT+7,"Nội dung liên quan đến dự án tuyến đường sắt nối hai sân bay Tân Sơn Nhất và
Long Thành
vừa được Sở Xây dựng TP.HCM báo cáo Bộ Xây dựng (về tình hình làm các dự án đường sắt đô thị TP.HCM).
Theo Sở Xây dựng TP.HCM, hiện thành phố đang tập trung hoàn thành thủ tục điều chỉnh dự án tuyến metro số 2 (Bến Thành - Tham Lương), phấn đấu khởi công cuối năm 2025.
Đặc biệt, TP.HCM ưu tiên đầu tư tuyến đường sắt kết nối Tân Sơn Nhất với sân bay Long Thành.
Hiện nay, UBND TP.HCM đang làm các thủ tục thẩm định, phê duyệt báo cáo nghiên cứu khả thi điều chỉnh dự án. Phối hợp với UBND
tỉnh Đồng Nai
bổ sung, cập nhật tuyến Thủ Thiêm - Long Thành thành đường sắt đô thị vào quy hoạch tỉnh/thành phố, quy hoạch chung thành phố.
Đồng thời, làm các thủ tục báo cáo HĐND hai địa phương thống nhất giao UBND TP.HCM là cơ quan thẩm quyền và xem xét giao nhà đầu tư (Tập đoàn Trường Hải) nghiên cứu triển khai tuyến đường sắt Bến Thành - Thủ Thiêm và Thủ Thiêm - Long Thành theo hình thức đối tác công tư PPP. Dự kiến sẽ hoàn thành trong năm 2030.
Đây là dự án ưu tiên chiến lược, giúp rút ngắn thời gian đi lại giữa hai địa phương, đồng thời thúc đẩy vận tải hành khách, logistics và phát triển kinh tế vùng Đông Nam Bộ.
Thành phố cũng đang rà soát tổng thể mạng lưới đường sắt đô thị mở rộng, bao gồm các khu vực sáp nhập Bình Dương và Bà Rịa - Vũng Tàu, với tổng chiều dài hơn 1.000km, điều chỉnh vị trí nhà ga, depot, khu TOD và không gian ngầm đô thị.
Sở Xây dựng báo cáo thêm về đường sắt đô thị đang vận hành, tuyến metro số 1 (Bến Thành - Suối Tiên) đã đi vào khai thác thương mại cuối năm 2024, phục vụ hơn 53.000 hành khách mỗi ngày, góp phần hình thành loại hình giao thông công cộng hiện đại.
Về dự án tuyến đường sắt TP.HCM - Cần Thơ, hiện đang lập báo cáo tiền khả thi, dự kiến khởi công năm 2027 và hoàn thành giai đoạn 1 vào 2035. Tuyến Bàu Bàng - Cái Mép, đi qua TP.HCM và Đồng Nai, đang trong giai đoạn nghiên cứu đầu tư, với Tổng công ty Becamex IDC đề xuất phương án đầu tư được đánh giá khả thi và lựa chọn hình thức PPP.
Ngoài ra, một số nhà đầu tư tư nhân như Vinspeed, Masterise, Sovico, Thaco cũng quan tâm nghiên cứu, đầu tư các tuyến đường sắt đô thị theo hình thức PPP hoặc trực tiếp.
Đọc tiếp
Về trang Chủ đề"
32de5f02228e1cb470000b4254359deea89f02f9,https://tuoitre.vn/mua-lon-gay-sat-lo-tren-tuyen-duong-mien-nui-da-nang-gay-chia-cat-mot-thon-20251203163631689.htm,Mưa lớn làm sạt lở trên tuyến đường miền núi Đà Nẵng gây chia cắt một thôn,,LÊ TRUNG,thoi-su,[],03/12/2025 17:02 GMT+7,"Chiều 3-12, chính quyền xã Nam Trà My, TP Đà Nẵng (trước đây thuộc huyện Nam Trà My, Quảng Nam) cho biết mưa lớn đã gây
sạt lở
một tuyến đường ở địa phương này, chia cắt cục bộ thôn Tắc Tố.
Theo đó do mưa lớn từ đêm 2-12 đến rạng sáng nay đã làm sạt lở tuyến đường dẫn vào thôn Tắc Tố, xã Nam Trà My.
Cụ thể một khối lượng lớn đất từ ta luy dương của tuyến đường xã đi thôn Tắc Tố đổ xuống, gây chia cắt cục bộ thôn này.
Theo chính quyền,
điểm sạt lở
này dài khoảng 30m, bùn đất lầy lội vùi lấp toàn bộ đường đi, ước tính khối lượng đất sạt đổ vùi xuống cả trăm m³.
Rất may vụ sạt lở không gây thiệt hại về người.
Sáng nay lực lượng chức năng xã đã kiểm tra
hiện trường
, giăng dây cảnh báo người dân không lại gần khu vực nguy hiểm, không nên đi qua điểm sạt lở để đảm bảo an toàn tính mạng.
Bên cạnh đó cơ quan chức năng xã bố trí phương tiện tiếp cận hiện trường khắc phục điểm sạt lở, dự kiến thông xe trong chiều 4-12.
Cũng theo chính quyền xã Nam Trà My, mưa lớn cũng gây sạt lở nghiêm trọng trên tuyến đường ĐH6, trục giao thông chính dẫn vào thôn Trà Don và thôn Măng Tra của xã này.
Tại hiện trường cho thấy tuyến đường bị hư hỏng nặng. Nhiều đoạn mặt đường bị đất đá xói mòn, sụt kéo dài hàng trăm mét, hình thành các hố sâu và khe nứt lớn.
Tình trạng sạt lở mới tiếp tục phát sinh do nền đất yếu và mưa kéo dài, gây cản trở lớn cho công tác thông tuyến.
Ngay sau khi xảy ra sự cố, lực lượng xung kích tại chỗ cùng chính quyền xã đã khẩn trương triển khai các giải pháp tạm thời, huy động máy xúc, máy ủi và nhân công mở đường, đồng thời căng dây cảnh báo tại các vị trí nguy hiểm.
Lãnh đạo UBND cho hay địa phương đang phối hợp đơn vị chức năng đánh giá tổng thể mức độ thiệt hại, xây dựng phương án gia cố lâu dài nhằm đảm bảo an toàn giao thông.
Công tác khắc phục sạt lở gặp nhiều khó khăn do khối lượng đất đá lớn và thời tiết diễn biến phức tạp.
Trước mắt chính quyền xã khuyến cáo người dân lưu thông theo tuyến quốc lộ 40B để đảm bảo an toàn. Đơn vị thi công đang nỗ lực khắc phục, phấn đấu sớm thông tuyến để người dân đi lại an toàn.
Đọc tiếp
Về trang Chủ đề"
a093a1d3acf29a2012b5d111a574f9aeec15aded,https://tuoitre.vn/quet-la-bay-so-di-lay-20251202111615419.htm,"Quẹt là bay, sợ đì lay",,BÚT BI,thoi-su,[],02/12/2025 12:00 GMT+7,"- Hiện đại phải khác chứ, quẹt quẹt là bay.
- Nhưng tui cũng lo ông à!
- Tiện lợi vậy còn lo gì?
- Lo quẹt mà mạng không có, app bị đơ, xoay vòng vòng.
- À thời gian đầu thôi, sau quen rồi sẽ mượt.
- Ờ. Nhưng tui còn mong ông à.
- Mong gì nữa?
- Quẹt là bay, nhưng quan trọng nhất là có bay được không. Chứ quẹt rồi mà
máy bay
đì lay (delay), ngồi chờ mãi chẳng thấy thì sau mượt là mệt ấy chứ!
- !!!
Đọc tiếp
Về trang Chủ đề"
b0e2c2823e8a046a28af3f2c079d9a7569e82449,https://tuoitre.vn/thu-tuong-pham-minh-chinh-hoi-kien-tong-bi-thu-chu-tich-nuoc-lao-20251203193108481.htm,"Thủ tướng Phạm Minh Chính hội kiến Tổng Bí thư, Chủ tịch nước Lào",,DUY LINH,thoi-su,[],03/12/2025 20:02 GMT+7,"Theo thông tin từ Bộ Ngoại giao, tại cuộc gặp, Tổng Bí thư, Chủ tịch nước Lào Thongloun Sisoulith đánh giá rất cao việc
Thủ tướng Phạm Minh Chính
sang đồng chủ trì kỳ họp thứ 48 Ủy ban liên Chính phủ, ngay sau chuyến thăm cấp nhà nước của Tổng Bí thư Tô Lâm cùng Phu nhân.
Thủ tướng Phạm Minh Chính nhấn mạnh quan hệ vĩ đại giữa hai dân tộc ngày càng phát triển, sâu sắc, phát triển lên tầm cao mới với ""gắn kết chiến lược"". Đây là nhu cầu khách quan, là ưu tiên chiến lược trong phát triển quan hệ giữa hai nước.
Khẳng định Việt Nam trước sau như một luôn dành ưu tiên cao nhất cho quan hệ với Lào, Thủ tướng nhấn mạnh Việt Nam mong muốn tiếp tục củng cố, làm sâu sắc hơn quan hệ chính trị tin cậy đặc biệt, coi đây là trụ cột định hướng và là động lực thúc đẩy hợp tác trên tất cả các lĩnh vực.
Nhân dịp này, Thủ tướng Phạm Minh Chính đã chia sẻ với Tổng Bí thư, Chủ tịch nước Lào Thongloun Sisoulith về kết quả nổi bật của kỳ họp lần thứ 48 Ủy ban liên Chính phủ Việt Nam - Lào.
Trên tinh thần quán triệt chỉ đạo của cuộc gặp cấp cao giữa hai Đảng diễn ra trước đó một ngày, hai Chính phủ sẽ tích cực cụ thể hóa thành kế hoạch hành động phối hợp, khẩn trương đề ra các biện pháp thúc đẩy mạnh mẽ quan hệ hợp tác để mở ra chương hợp tác mới giữa hai Đảng, hai nước.
Các biện pháp sẽ được triển khai bài bản, có lộ trình khả thi. Trong đó, hai bên cùng xây dựng hai nền kinh tế độc lập, tự chủ nhưng có tính liên kết, hội nhập với quốc tế.
Đồng thời, bổ sung nội hàm mới ""gắn kết chiến lược"" về mọi mặt, đặc biệt lấy kinh tế là động lực, lấy lòng dân là nền tảng.
Hai nước cũng cần hợp tác xây dựng trung tâm dữ liệu; hợp tác đào tạo nguồn nhân lực, xây dựng cơ sở giáo dục của Việt Nam tại Lào, các trường dạy nghề. Thủ tướng đề nghị Lào tiếp tục tạo điều kiện cho các doanh nghiệp Việt Nam đầu tư, kinh doanh tại Lào.
Tổng Bí thư, Chủ tịch nước Lào Thongloun Sisoulith
đánh giá cao kết quả kỳ họp lần thứ 48 Ủy ban liên Chính phủ Việt Nam - Lào.
Nhất trí với các đề xuất của Thủ tướng Phạm Minh Chính, Tổng Bí thư, Chủ tịch nước Lào bày tỏ tin tưởng rằng kết quả của kỳ họp lần này sẽ tạo xung lực mới cho hợp tác song phương trong giai đoạn tới.
Những thành tựu quan trọng mà hai bên đạt được không chỉ góp phần nâng cao hiệu quả hợp tác toàn diện Việt Nam - Lào, mà còn khẳng định tính đúng đắn của chủ trương bổ sung nội hàm, củng cố và làm sâu sắc hơn quan hệ hai nước theo hướng ""gắn kết chiến lược"" do lãnh đạo cấp cao hai Đảng đã thống nhất.
Đọc tiếp
Về trang Chủ đề"
a2df3a0b47f1434773ec13428c0db4f1eee6815f,https://tuoitre.vn/nghia-dong-bao-ky-cuoi-nhung-dua-con-vung-lu-duoc-se-chia-yeu-thuong-20251203224131845.htm,Nghĩa đồng bào - Kỳ cuối: Những đứa con vùng lũ được sẻ chia yêu thương,,AN VI,thoi-su,[],04/12/2025 10:48 GMT+7,"Quán cơm miễn phí cho sinh viên miền Trung
Trên đường số 19, phường Hiệp Bình, TP.HCM suốt những ngày qua có một tấm băng rôn mới toanh in dòng chữ thân thương: ""Các bạn học sinh, sinh viên ở những vùng quê bị lũ lụt đang gặp khó khăn, liên hệ với chị Thúy nhận suất cơm miễn phí nha. Đừng ngại!"".
Ngó sang bên kia đường là chiếc xe cơm tấm, kê vừa hai cái bàn của vợ chồng bà Hồng Thúy (53 tuổi). Bà Thúy cùng người bạn của mình quê ở Khánh Hòa, thấy bà con quê nhà gồng mình với
lũ dữ
quá xót xa nên phát tâm thực hiện mô hình này.
""Tui sống từng tuổi này rồi, hiểu lắm cái cảnh mặc bộ đồ cả tuần, thấm lắm cái cảnh bì bõm leo lên mái nhà nấu cơm. Vào Sài Gòn mưu sinh cả chục năm nay, giờ mới thấy lại cảnh lũ dữ dội như vậy.
Tui không có điều kiện ra ngoài quê hỗ trợ nên cùng bạn làm các suất cơm miễn phí này để hỗ trợ mấy đứa nhỏ miền Trung đang học trong đây"" - vừa nói bà vừa đếm lại số sinh viên đã nhận cơm hôm nay.
Suốt mấy ngày qua, bà Thúy đi chợ lấy thịt sớm hơn mọi ngày. Bà nói cái xe cơm nhỏ xíu ngày thường bán được có mấy chục suất nên mối chỉ chừa bấy nhiêu thịt, giờ muốn thêm cho sinh viên phải dậy sớm lấy thịt thêm.
17 người rồi! Bà Thúy niềm nở khoe danh sách 17 sinh viên đến nhận cơm hôm nay. Tuổi đã cao, hai vợ chồng bà thường chỉ bán vào buổi sáng, kể từ khi treo băng rôn phát cơm miễn phí cho sinh viên miền Trung, bà cố nán lại bán cho tới khi hết thịt, hết cơm mới thôi.
Bà Thúy quê ở xã Ninh Hòa, tỉnh Khánh Hòa - nơi cũng vừa oằn mình trong trận mưa lũ dữ dội. Ngôi nhà của gia đình bà bị ngập, nhiều vật dụng và máy móc hư hại, sinh hoạt đảo lộn.
Bà nói chỉ người miền Trung như bà mới hiểu được cái khổ của phụ huynh mùa lũ khi có con đi học trong này: ""Tiền nong, đồ đạc trôi hết rồi, mấy đứa đi học trong này thấy cảnh đó làm sao mà dám xin tiền nữa, có khi tụi nó ăn mì gói cả tháng chứ chẳng chơi đâu. Tui không giàu có gì hết, ngày lời được bốn năm trăm ngàn hà, trích ra cùng bạn tôi hỗ trợ các em cũng như con cháu mình"".
Không phải tới mùa lũ này bà Thúy mới làm chuyện ấm áp như vậy. Cái xe cơm nhỏ của bà bán suốt 10 năm nay mỗi khi sinh viên tới ăn, bà đều bới nới cơm, thêm miếng thịt, tặng cho cái trứng... vẫn lấy nguyên giá chỉ 25.000 đồng.
Biết chuyện thơm thảo của xe cơm bình dân này, nhiều khách đến ăn đưa tờ 100.000 đồng, tiền thừa tặng luôn cho bà Thúy để mua thêm mấy suất cơm nữa cho sinh viên.
Nhà trọ nới hạn đóng tiền cho sinh viên
Ai nói sợ tới hạn đóng tiền trọ chứ từ đợt miền Trung gặp lũ dữ vừa rồi, các bạn sinh viên ở nhà trọ Helen Home (phường Hiệp Bình, TP.HCM) liên tục nhận về tin nhắn hỏi han, động viên từ chủ trọ.
Trong group chung của dãy phòng trọ 36 người, chị Nguyễn Thị Kiều Vân (34 tuổi), chủ trọ, nhắn nhủ những lời ấm áp: ""Phòng nào sinh viên có nhà bị ngập, thiệt hại trong trận lũ vừa rồi các bạn liên hệ chị hỗ trợ 500.000 đồng. Bạn nào có người thân mất thì chị xin gửi 1 triệu. Các bạn cố gắng lên nha!"".
Chị Vân chia sẻ quê mình không phải ở miền Trung. ""Nhưng theo dõi thời sự, xem mấy clip bà con oằn mình với lũ dữ tự nhiên tôi thấy xót xa. Tôi đã ủng hộ tiền cho Mặt trận Tổ quốc rồi, vẫn muốn làm gì đó thiết thực hơn nữa, nghĩ lại dãy nhà trọ cũng có nhiều bạn sinh viên quê ngoài đó nên quyết định hỗ trợ cho các bạn"" - chị Vân nói không chỉ hỗ trợ tiền, nếu bạn nào gia đình đang khó khăn chị sẽ gia hạn thời gian đóng tiền trọ mấy tháng này.
Nghe được thông tin thông báo từ chị chủ trọ, Nguyễn Thị Trúc Mai (18 tuổi), tân sinh viên Trường đại học Sư phạm kỹ thuật như vỡ òa. Mai quê ở Phú Yên, nhà cô đã tan hoang sau khi lũ rút, cả gia đình ngoài quê lúc này đang xúm nhau dọn bùn, tìm lại đồ đạc.
""Đàn bò bốn con của ba mẹ em chết sạch cả rồi, giờ gần cuối tháng đáng lý em sẽ xin tiền đóng trọ, tiền sinh hoạt... nhưng thấy cảnh đó em chẳng biết mở lời với ba mẹ như thế nào. Nghe tin chị Vân nói sẽ gia hạn tiền đóng trọ còn hỗ trợ tiền cho bọn em thật sự rất vui"" - Mai nói mình thở phào khi nhận được sự hỗ trợ ấy.
Ba mẹ gửi tiền hồi đầu tháng 11, đến giờ trong túi Mai chỉ còn hơn 300.000 đồng. Mấy ngày nay cô gái 19 tuổi đang cố tiết kiệm bằng cách ăn mì gói cử sáng, bỏ cữ trưa và chỉ mua hộp cơm 20.000 đồng ăn buổi tối.
Các trường đại học hỗ trợ sinh viên
Giữa những ngày miền Trung oằn mình trong nước lũ, Trường đại học Công nghệ TP.HCM (HUTECH) cũng như nhiều đơn vị giáo dục khác tại TP.HCM đã lên phương án hỗ trợ sinh viên quê vùng thiên tai.
TS Huỳnh Ngọc Anh, Phó hiệu trưởng Trường đại học Công nghệ TP.HCM, kể rằng quyết định ấy gần như được đưa ra ngay lập tức trong một cuộc họp khẩn giữa ban giám hiệu.
""Bởi phía sau mỗi con số thiệt hại là một gia đình của sinh viên, là cha mẹ đang chạy lũ, là căn nhà bị cuốn trôi và là những đứa con tha phương vừa phải học hành vừa thấp thỏm hướng về quê. Tinh thần nhất quán của chúng tôi là không để sinh viên bị bỏ lại phía sau vì hoàn cảnh.
Vì vậy khi xảy ra thiên tai, việc hành động nhanh là trách nhiệm và cũng là tình cảm của HUTECH dành cho sinh viên và gia đình các em"" - TS Huỳnh Ngọc Anh nhấn mạnh.
Riêng khoa Nhật Bản học của trường đã hỗ trợ ngay 1 triệu đồng tiền mặt cho mỗi sinh viên có gia đình chịu ảnh hưởng.
Ngoài ra TS Huỳnh Ngọc Anh cho biết nhà trường còn triển khai thêm hàng loạt chính sách dài hơi: gia hạn học phí, học bổng khẩn cấp cho những em có nguy cơ phải tạm dừng việc học, đồng hành tâm lý qua các trung tâm hỗ trợ, nơi thầy cô chủ động kết nối và động viên khi gia đình sinh viên gặp biến cố.
Thông qua Đoàn - Hội, các bạn sinh viên đã triển khai chương trình ""Sinh viên HUTECH vì miền Trung"", thực hiện chiến dịch lan tỏa tinh thần sẻ chia, lập đội hình tình nguyện hỗ trợ phân loại hàng hóa tại các điểm tập kết.
Song song với sự hỗ trợ nội bộ, cuộc vận động ""HUTECH hướng về miền Trung"" cũng được phát động trong toàn trường. Cán bộ, giảng viên và sinh viên cùng đóng góp tài chính, nhu yếu phẩm, tổ chức các hoạt động gây quỹ theo từng khoa và phối hợp với các tổ chức xã hội để chuyển quà cứu trợ về tâm lũ.
Đọc tiếp
Về trang Chủ đề"
c38641be21dc29cffb3a125fe54b517089978439,https://tuoitre.vn/giat-minh-khi-dao-ngoc-phu-quoc-mat-dien-20251203084912646.htm,Giật mình khi đảo ngọc Phú Quốc mất điện,,"TRẦN HỮU HIỆP

                    Tiến sĩ",thoi-su,[],03/12/2025 12:15 GMT+7,"Đây là hồi chuông cảnh báo, phải có giải pháp căn cơ cho đảo ngọc.
Phú Quốc
từ một hòn đảo nguyên sơ nay là đặc khu xứng danh đảo ngọc, với sự chuyển mình mạnh mẽ về cơ sở hạ tầng đô thị, giao thông, năng lượng, viễn thông, trong đó có tuyến cáp ngầm 110kV Hà Tiên - Phú Quốc dài khoảng 57km.
Năm 2022, đường dây 220kV Kiên Bình - Phú Quốc tiếp tục được vận hành. Chính vì vậy mà sự cố đứt cáp ngầm Hà Tiên - Phú Quốc khiến hụt nguồn cấp cho thấy những điểm yếu hạ tầng kỹ thuật thiết yếu cho đảo ngọc.
Cấp điện là ""cấp oxy"" nuôi sống hoạt động trên đảo nhưng đang phụ thuộc vào một trong hai tuyến cung cấp điện đơn lẻ khiến Phú Quốc như bị ""đứt hơi"".
Tác động đầu tiên và rõ nhất là hàng chục ngàn hộ dân phải sống trong cảnh mất điện, thiếu nước sinh hoạt.
Dù ngành điện đã huy động máy phát dự phòng, ưu tiên cấp điện cho bệnh viện, hệ thống cấp nước, viễn thông nhưng nhiều cơ sở du lịch phải chạy máy phát liên tục, chi phí tăng 3 - 4 lần.
Sự cố ở Phú Quốc không phải là duy nhất. Trên thế giới từng có đảo du lịch gặp sự việc tương tự.
Năm 2009, đảo Zanzibar (Tanzania) bị mất điện suốt 27 ngày do tuyến cáp ngầm hỏng khiến đời sống trên đảo bị đảo lộn.
Chính quyền đã đầu tư tuyến cáp mới có công suất lớn hơn và xây nhà máy phát điện dự phòng đưa Zanzibar trở thành điển hình về đảo ""hồi sinh sau khủng hoảng"" bằng tư duy quản trị rủi ro mới.
Hay ở Hawaii, bão Iniki năm 1992 gây mất điện diện rộng trên đảo Kauai. Hawaii đã chuyển hướng sang mô hình lưới điện phân tán, đẩy mạnh năng lượng tái tạo và bắt buộc cơ sở du lịch có khả năng vận hành tối thiểu 72 giờ bằng nguồn điện dự phòng.
Chính sự chuẩn bị bài bản này giúp Kauai trở thành một trong những đảo có khả năng chống chịu
thiên tai
tốt nhất ở Mỹ...
Những câu chuyện này cho thấy không đảo nào có thể miễn nhiễm với sự cố, vì thế cần quản trị tốt rủi ro và xử lý khủng hoảng. Yêu cầu này đòi hỏi phải minh bạch thông tin về sự cố, kế hoạch khắc phục và dự kiến thời gian hoàn thành.
Khi rủi ro xảy ra, sự im lặng hoặc chậm trễ thông tin còn gây thiệt hại tinh thần lớn hơn cả thiệt hại kinh tế. Người dân cần được biết, doanh nghiệp cần được chuẩn bị và du khách cần được trấn an.
Phú Quốc đã là đô thị du lịch quốc tế, không thể chỉ dựa vào một hai tuyến cáp. Cần phát triển năng lượng tái tạo và mô hình lưới điện phân tán mang tính tự chủ. Nắng và gió ở Phú Quốc không chỉ là tài nguyên du lịch mà còn có thể là ""lá chắn"" năng lượng.
Đảo ngọc cũng đang rất cần một trung tâm điều phối an ninh hạ tầng như các đảo du lịch lớn ở Nhật Bản hay Hàn Quốc đang áp dụng.
Trung tâm này giám sát điện - nước - viễn thông - môi trường - giao thông theo thời gian thực, dự báo nguy cơ và điều phối lực lượng khi xảy ra sự cố. Đó là ""bộ não"" giúp đảo vận hành an toàn trong bối cảnh biến đổi khí hậu và rủi ro thiên tai ngày càng khó lường.
Sự cố đứt cáp ngầm lần này để lại một ""vết thương"", nhắc nhở việc Phú Quốc phát triển rất nhanh về hạ tầng nhưng vẫn còn mong manh trước những sự cố hạ tầng tương tự như đứt cáp ngầm vừa qua.
Đọc tiếp
Về trang Chủ đề"
